Apple 아이폰 13 256GB [자급제],"1,160,000원",https://cr.shopping.naver.com/adcr.nhn?x=aC8NEmmdf5syhyu6F618qv%2F%2F%2Fw%3D%3DsFMKe6UGqDmfmDK30QCNGn7pQ1Q4D7%2BVlwz0a5mnNpLxhJz9H0Ub4KLvuVTVtNMxMc5%2FtxGUPXvB0w3o0WagSGhy3cf9A0iBGE9ulkGKulwggzrao0J5rOUjO2uBxYrUQOLsXfoS82hyBXPEzN2FfCsi30QtKP1mA7BYZPpxeJLexWvZfe2todmJfmpbNrXnqXKJBKazWTMr3TF%2BX7oeAGbix7jXt7MNVc9AIu4EfDZlNEwRr%2B3STfYHGn%2FB5b3e4%2BLTIutPIDbNYbLfg9iz019stajnLQRWnGlOOlt9%2FpKgHs%2F2PHkpmvWjL2qy1nHubK%2Bwi11wNoT54m13Zxw1onahDyr%2F%2B245Om2DapiyqvXv1QQzCLreNp8sjPDBjStixlfxinuJIcXbelONAuMrnG7Yf%2BbLIOSDCVS9MgZI%2BYDNFiBdPxTSuvYOb67FAYBAGCXV2B8r6mc9GdpPVxGCf8Ue%2Beig2o%2Btg3G0msNFep4byNHyBUXwWVD2ki0TxnNzybhH9wEAloUwKKpNfU%2FlKrG7dxmAbJl5gDszxr8Nj4LeOv%2B%2BG7P8zZs54SDuTec41vts2nBPL4iHYfAjMg%2BpdUud30lIfwV34vX0DYx4jBbDLVWGr8fvvH1mWvUgXPK6j&nvMid=29029192591&catId=50001519
Apple 아이폰 13 미니 128GB [자급제],"912,285원",https://cr.shopping.naver.com/adcr.nhn?x=T7Wi%2BrLtV9FCUNZ7JMY2f%2F%2F%2F%2Fw%3D%3DsJE6Q74upLRwQY8njGv029NeRER6N3X5wiRptIyGSyb1hJz9H0Ub4KLvuVTVtNMxMBoIFdRYGSQ0PvWDYozKxBBy3cf9A0iBGE9ulkGKulwggzrao0J5rOUjO2uBxYrUQOLsXfoS82hyBXPEzN2FfCsi30QtKP1mA7BYZPpxeJLexWvZfe2todmJfmpbNrXnq2drsUEzev9hA0cDt%2BuxFM7ix7jXt7MNVc9AIu4EfDZlNEwRr%2B3STfYHGn%2FB5b3e4%2BLTIutPIDbNYbLfg9iz019stajnLQRWnGlOOlt9%2FpKgHs%2F2PHkpmvWjL2qy1nHub6O6996uwUvmj4%2FkrkspvpXYJTKVYxczz5cIMg3u7G1n1QQzCLreNp8sjPDBjStixjQaGLcMmduX4DYWfbsi2VO8kdsXsQNdKuUottZvasFpFiBdPxTSuvYOb67FAYBAGWR34PGgX21IX5FwB8U%2FAX%2BE%2BfGVX3hhd%2B8lUQoXxvtZD%2FkFMO4s7sTx4sbc7XXXQvaOjGxMtdSZf0nL3LrxHbIh3IiZ1Fy4Pwn6pAzQw6jOtqaMHAJkj0DAJXiYJNZCZyUQvcT7y%2Bau6vGwLQuxcZOC4eMzz3vES6s4%2BPZSTARbLVWGr8fvvH1mWvUgXPK6j&nvMid=29030650586&catId=50001519
Apple 아이폰 13 프로 128GB [자급제],"1,188,000원",https://cr.shopping.naver.com/adcr.nhn?x=%2B8c8oqnvoLaI3rVO%2F32eQ%2F%2F%2F%2Fw%3D%3DsRV0QoX1KD38FxtJp1EBGzOAQ6WnfAQQ%2BNMUeeUsBlAxWQE1WikGGRjsm7ORTamZ7VQORKRYef8LzpbVR9KJJ6tBLz%2BJdevE4%2FmU6XOJkK69WkQGV%2F%2BCKYxL%2FCKijbP1%2B%2BWf6iPTZJ8jOvVvTIhUyCEPg%2F6PYJW9LpCSumzPJoiiI9aZyW4hhCgmcrsQhWGWGwdrQOP9pRsgL9Xzjs9Fyk%2FKAXVfyDB1yTbVYYpYzcFnUHxlEatbmVq7jmztE%2FywsZVEsgvMu1sKLTRKnFEg79vziKuqi6lvlwe2gIVAf2UAlXTdy6Sn%2F2yromYu89VyUt5OWv%2Bg0c1CwvbPJGMzSNI9SsYkoOREk9gGtHitKHy%2Fqdi3Q%2Fm8V2A5jR123nAwZJQHUlCGZM%2B%2BTIvcMauyHObFJegG5cjolqXymF9sHTJBDk2nHMP4aHVCx%2FcONoE3uVxrykmdUCWVn8SXvu0QPtKMYuo7XCQSTUEtv0UGRAxwUVxRG4ldwD1%2BkE4NgSPi63URfBmTORH7vj%2FpLXIzcjmkUSOnpmwRG43%2FaayFxosiIDf9TYDOC4LzgCehLsur5JYt3ZyRT%2BkLSwBzoWeiM%2FLRkgYef0yG%2FwRuEEd9Zyk4OEsHC78VBLnFZh%2FnDobeN&nvMid=29030420587&catId=50001519
Apple 아이폰 13 프로 256GB [자급제],"1,311,200원",https://cr.shopping.naver.com/adcr.nhn?x=EfWMOaxenKlCxDKexTYyqP%2F%2F%2Fw%3D%3Dsk8MB%2BroAhjOIHIUvUbdfS8sbocj0u%2BKaHvGJ16O68wRWQE1WikGGRjsm7ORTamZ7aTjG8afc4rc70dlJQa8s49BLz%2BJdevE4%2FmU6XOJkK69WkQGV%2F%2BCKYxL%2FCKijbP1%2B%2BWf6iPTZJ8jOvVvTIhUyCEPg%2F6PYJW9LpCSumzPJoiiI9aZyW4hhCgmcrsQhWGWGObEszBFb2RlRYVOgd6veGfKAXVfyDB1yTbVYYpYzcFnUHxlEatbmVq7jmztE%2FywsZVEsgvMu1sKLTRKnFEg79vziKuqi6lvlwe2gIVAf2UAlXTdy6Sn%2F2yromYu89VyUHOXVi6XAkDmnajLX7RxJQIOKdDf3SW8RUP5oRutd7qjqdi3Q%2Fm8V2A5jR123nAwZGAcEe7n%2FGe4oEgPtgBdbJIBD40iqWaNeYMpOus5JTYBDk2nHMP4aHVCx%2FcONoE3uVxrykmdUCWVn8SXvu0QPtN0u4czD1d73s%2BXym%2BxAMdsUVxRG4ldwD1%2BkE4NgSPi63URfBmTORH7vj%2FpLXIzcjnZ0MysfnDUCigniab8HXHSIDf9TYDOC4LzgCehLsur5dNZXg1dL9ke%2FOwyivghHaqsZbA83yjhcJYY8belIuCYOEsHC78VBLnFZh%2FnDobeN&nvMid=29030492586&catId=50001519
Apple 아이폰 13 128GB [자급제],"1,038,990원",https://cr.shopping.naver.com/adcr.nhn?x=JuQOuzlmiXSrDjN%2FRoFKDv%2F%2F%2Fw%3D%3DsRzmVSzK%2FAMwofeeLC768ZpvLCZE3FkYburAoZafSjmtWQE1WikGGRjsm7ORTamZ7ENpml%2BjzJKpfLh46C0rsU9BLz%2BJdevE4%2FmU6XOJkK69WkQGV%2F%2BCKYxL%2FCKijbP1%2B%2BWf6iPTZJ8jOvVvTIhUyCEPg%2F6PYJW9LpCSumzPJoiiI9aZyW4hhCgmcrsQhWGWG7TgBVo8UmYdzXRq3xjDWuvKAXVfyDB1yTbVYYpYzcFnUHxlEatbmVq7jmztE%2FywsZVEsgvMu1sKLTRKnFEg79vziKuqi6lvlwe2gIVAf2UAlXTdy6Sn%2F2yromYu89VyUaFb8xJxnQ%2FMP1AX%2Feys1IgW7u%2F90pxvHEZSLVd9FwRzqdi3Q%2Fm8V2A5jR123nAwZNfmUOLVK%2FQxGqCna6wDvzLFJegG5cjolqXymF9sHTJBDk2nHMP4aHVCx%2FcONoE3ucVl9zsZvbcebfQHqQGTPjg9Uv7%2BuXk8s9e0jSRo%2Fw%2BSYp14Qx1Ru2bMMjgBrsdBx8muRoHqEpIhd7W2ofxHnq%2FOXjn5VOxr1K7vlX5ZKYYsBIhskkcnGy1%2BVSfXfhOSQ%2F4V1cWS%2BLFAcAwx2FnlMpFaFndIwdNwuWmKtx1HNSCrUkiyUGZ3FpPHvE7X48%2Bhb&nvMid=29030374587&catId=50001519
Apple 아이폰 13 미니 256GB [자급제],"1,046,710원",https://cr.shopping.naver.com/adcr.nhn?x=fUAZFBADckhSQla2dIW0If%2F%2F%2Fw%3D%3DszB9sxbkExsu1ZXnfy3E7EGw%2FCaQfhGU2Cf24fqjXeWcbsBKbbjTB%2BBCjsLv6tz%2Bj4tf%2BhkblL0bjpF%2FjAndvYFaqOI6qYS%2FhPrcREGUTScAj7SsLutJQTFVTzz4X5U8EwoAJ54QTyMh9fX6eytH1NkgAn8lD2%2BxrgblrBqYwPdWug%2B9sjA7rHdeMLkY%2BwIMUdRFHqaZwu7z86DCBOMgIITQZD6UDT51Dg8nNb9lI8fV%2BFLPJmN7kd5F0maTGsL0cDHsc8F1Hqv%2BNP4oWgGDomO2oiYUcFh2AHd%2FVC1pOBQ0QhkkHXK4%2FmSRy5icYE%2F27BW36r4QZshREfg%2B3vq7RNkUsJGSA4vndMFqG0FNeF9jUQvs8GHq%2Bj7OvUNvyviyxS6nKoqtur6iGShqz9U6FbqmQYK9bV69tGFFws7NAPZUEdLuJh13gFOuABI1Cabywr1zQ3TaGfkdsxOv%2Bp53WSncsz9SaQCgs7V%2F%2B%2F15Qw2jPU6pntGCurhu%2FV8uonTYh5X6MB3JdbnBohOi8QY2mssRsSqXQq7cehsBZSr%2BGduwpttdUKhimehWn86U3OwTHfttFD8%2BaROpnqnqy1yQmHCglQqIUqzI2FLTdScxhm%2FXke%2FVP%2BgM94BPZkP5YJ%2Bex&nvMid=29030437590&catId=50001519
Apple 아이폰 13 프로 맥스 256GB [자급제],"1,462,110원",https://cr.shopping.naver.com/adcr.nhn?x=j4dpsw0uCZQAeN6zgzaUrf%2F%2F%2Fw%3D%3DsZGufyUdch2FV0gmimC93Qb5zg1yAzfGY%2FOwCYMZNbu8bsBKbbjTB%2BBCjsLv6tz%2BjiMfhCDw9hlMqS8AuM7RWeXUoT8TqJE7v5DxG2OiL41oj7SsLutJQTFVTzz4X5U8EwoAJ54QTyMh9fX6eytH1NkgAn8lD2%2BxrgblrBqYwPdWug%2B9sjA7rHdeMLkY%2BwIMUBSRNe5ZyGuyhkwLhP0AEuzQZD6UDT51Dg8nNb9lI8fV%2BFLPJmN7kd5F0maTGsL0cDHsc8F1Hqv%2BNP4oWgGDomO2oiYUcFh2AHd%2FVC1pOBQ0QhkkHXK4%2FmSRy5icYE%2F27BW36r4QZshREfg%2B3vq7RNl4ql6pKyGT5CC6CBdqJCePUQvs8GHq%2Bj7OvUNvyviyxS6nKoqtur6iGShqz9U6FbjKf%2Fkn2s2wvwRlCvF4LRzAEdLuJh13gFOuABI1Cabywr1zQ3TaGfkdsxOv%2Bp53WSmn2a%2BVfQD8FsYi0Ypk%2BtxF6jvySWdAuqdDBn5xzOS4Io64ifB9DVeZ8ffla9GlFdr7zOWRTxD89q9Hz5pZzOXWVgWlkB4Ee7j1n9yF2ad0KEs8cFUTVf2EXpmSuc9bAhEfVdUqC6s2n2WBjAdjw1y%2FAjvHbKujLraF8ZWxiIpqOQdAiJdwXirBRdnaxfvrBbw%3D%3D&nvMid=29030294588&catId=50001519
Apple 아이폰 13 프로 맥스 128GB [자급제],"1,391,750원",https://cr.shopping.naver.com/adcr.nhn?x=k4NlfM4XymtxSHCmc2LiYv%2F%2F%2Fw%3D%3Ds9BDzVah3YLDpS4n3XH1QgpvPbNDKQy49GVsjLByuHDpWQE1WikGGRjsm7ORTamZ7AxNpXU3MxUyLimJKgxi%2B79BLz%2BJdevE4%2FmU6XOJkK69WkQGV%2F%2BCKYxL%2FCKijbP1%2B%2BWf6iPTZJ8jOvVvTIhUyCEPg%2F6PYJW9LpCSumzPJoiiI9aZyW4hhCgmcrsQhWGWGhHspihOVp8HjBCkc%2F5FPbvKAXVfyDB1yTbVYYpYzcFnUHxlEatbmVq7jmztE%2FywsZVEsgvMu1sKLTRKnFEg79vziKuqi6lvlwe2gIVAf2UAlXTdy6Sn%2F2yromYu89VyUjnROc5nY3YycxuGw4q0OeI%2BrbwPmZh%2FtcvtqOfWb9Onqdi3Q%2Fm8V2A5jR123nAwZsEkqrm31TyUxxpiWYQMXG7FJegG5cjolqXymF9sHTJBDk2nHMP4aHVCx%2FcONoE3uVxrykmdUCWVn8SXvu0QPtCC%2FOSQKpmiFUQRvI9TGNtDlE80KNwbfNxekQsGJejRksTXhzeKkynwlV5iG42bUw9QAPL0WVH2NdD%2FDTQJQAspXHtUxPPKz2BqpJpgVdzXiY2E6yujLQ11ygCtiwpNH5fs%2BpRXxFad%2B3mqreeG7RI9Xc50eBITwugSNPH3Ok09sVpGw61BSdoQRvEGgfFlc5w%3D%3D&nvMid=29030367587&catId=50001519
Apple 아이폰 13 프로 맥스 512GB [자급제],"1,350,000원",https://cr.shopping.naver.com/adcr.nhn?x=PlbmoEJC3wqAlWJkHbqbX%2F%2F%2F%2Fw%3D%3DsWKJ1yTfpsvWoMfzh9a5o1yrl%2Bj5q2ACwx8MYynIn4c9hJz9H0Ub4KLvuVTVtNMxM4ZlZDPmskZjuuRd3GXyyAxy3cf9A0iBGE9ulkGKulwggzrao0J5rOUjO2uBxYrUQOLsXfoS82hyBXPEzN2FfCsi30QtKP1mA7BYZPpxeJLexWvZfe2todmJfmpbNrXnqmD3tRrdK1cFWEMxpF2wcAbix7jXt7MNVc9AIu4EfDZlNEwRr%2B3STfYHGn%2FB5b3e4%2BLTIutPIDbNYbLfg9iz019stajnLQRWnGlOOlt9%2FpKgHs%2F2PHkpmvWjL2qy1nHub4UJgupow6pk8vJRj36JCk2Hd7CpiucbVBz1q0Q0e0JT1QQzCLreNp8sjPDBjStixlfxinuJIcXbelONAuMrnG9L60K7w3RootRi5qyN45X9FiBdPxTSuvYOb67FAYBAGpxy2zgNMJa1at1GSrSd0QLbuzmWacN92LOvitfD%2BwvUN%2FOXq06xFLlMCwNDQObjPLcqEhOiscytOptfh0D9%2BAkk16oed1GXrY9sZ4sGAaI5iq2jljoCpgW2kwLeNrHv9v4YGjJCSIW1IvBxXT1wG93BWCqifFoE6gEAUDQHOB9xvU2Y6hEEwGxc1AZfON9sL4VRAH%2BsMDObarUodGweR8Q%3D%3D&nvMid=29029192586&catId=50001519
Apple 아이폰 13 프로 512GB [자급제],"1,548,800원",https://cr.shopping.naver.com/adcr.nhn?x=GUE8gzMnOlKWRmXxyhNhw%2F%2F%2F%2Fw%3D%3DsXWhwZYRGxt5VJ7LZpxTp1v2682f3Nnf56K2lTQseaFQbsBKbbjTB%2BBCjsLv6tz%2BjJrm%2FrfXjOl%2BfSbvGdiQGzP%2FTJEFS1EwUno31Aqjf2N0j7SsLutJQTFVTzz4X5U8EwoAJ54QTyMh9fX6eytH1NkgAn8lD2%2BxrgblrBqYwPdWug%2B9sjA7rHdeMLkY%2BwIMU%2F7r9owRKQwA1obAu19o%2FvDQZD6UDT51Dg8nNb9lI8fV%2BFLPJmN7kd5F0maTGsL0cDHsc8F1Hqv%2BNP4oWgGDomO2oiYUcFh2AHd%2FVC1pOBQ0QhkkHXK4%2FmSRy5icYE%2F27BW36r4QZshREfg%2B3vq7RNvQyxitGgtP%2BIER4W1M26%2BTUQvs8GHq%2Bj7OvUNvyviyxS6nKoqtur6iGShqz9U6Fbj%2BC5IedpcH5QnqiYVB%2FA2AEdLuJh13gFOuABI1Cabywr1zQ3TaGfkdsxOv%2Bp53WSgYUG%2FO4Ti9LGeGGovFy4O7PU6pntGCurhu%2FV8uonTYh5X6MB3JdbnBohOi8QY2msqtzds75D7yS%2BZHnsGjJf0LesXRSG9V%2FghLcRXrPa6hPYX%2BM1FAz4mN7L2fGUTypApKuLqxBEc06lG5PyN%2F%2B6NxXc50eBITwugSNPH3Ok09sVpGw61BSdoQRvEGgfFlc5w%3D%3D&nvMid=29030416587&catId=50001519
Apple 아이폰 13 미니 512GB [자급제],"1,306,008원",https://cr.shopping.naver.com/adcr.nhn?x=nbVx8jGm9bfpzrbydqwCIv%2F%2F%2Fw%3D%3Ds6Fj%2FQgOTX8rzPKEHh4iObqmkJ6NfCTcu4%2FvMklG6NjphJz9H0Ub4KLvuVTVtNMxMF1WDHHdbJlM8XOkmK7omoBy3cf9A0iBGE9ulkGKulwggzrao0J5rOUjO2uBxYrUQOLsXfoS82hyBXPEzN2FfCsi30QtKP1mA7BYZPpxeJLexWvZfe2todmJfmpbNrXnqsbuGkiliGuKFQrhO3KCkYbix7jXt7MNVc9AIu4EfDZlNEwRr%2B3STfYHGn%2FB5b3e4%2BLTIutPIDbNYbLfg9iz019stajnLQRWnGlOOlt9%2FpKgHs%2F2PHkpmvWjL2qy1nHubwkb681ugFcpL8aKXTSzhQGXLq9gGRGi16P%2Fi%2Fvcu0jT1QQzCLreNp8sjPDBjStixjQaGLcMmduX4DYWfbsi2VGDM3SiPCyze6%2Bi%2BuJ%2Brf7lFiBdPxTSuvYOb67FAYBAGWR34PGgX21IX5FwB8U%2FAX5tsvAd8RoapYLBXqQi9V7pD%2FkFMO4s7sTx4sbc7XXXQvaOjGxMtdSZf0nL3LrxHbId5XQiS5iKTr1JPs1WmQoFPwCXFJiRdosf3os3K%2FWn1xSY5Bk7Q6%2FFabp%2Fuzl%2BG6EcPzOgsyrlxrnwPh8izAW7Njqh%2FZemCCOboDhnweAmG&nvMid=29030296587&catId=50001519
Apple 아이폰 13 프로 맥스 1TB [자급제],"1,946,490원",https://cr.shopping.naver.com/adcr.nhn?x=XxPklH%2FwEbi4tvNtDyApv%2F%2F%2F%2Fw%3D%3Dsuuhfr9hwjG87oQFqAm%2FKXQkuqmZwLEA1NJZBiFaAS5hhJz9H0Ub4KLvuVTVtNMxMjEjkLnc7L3JOrAgYGreefBy3cf9A0iBGE9ulkGKulwggzrao0J5rOUjO2uBxYrUQOLsXfoS82hyBXPEzN2FfCsi30QtKP1mA7BYZPpxeJLexWvZfe2todmJfmpbNrXnqArgGaDBKbEfnwAwTC02FZ7ix7jXt7MNVc9AIu4EfDZlNEwRr%2B3STfYHGn%2FB5b3e4%2BLTIutPIDbNYbLfg9iz019stajnLQRWnGlOOlt9%2FpKgHs%2F2PHkpmvWjL2qy1nHubYAOuO%2FDsliWT8n4Xxx7opLHGbZnoYPAxXnGI4UBA1uf1QQzCLreNp8sjPDBjStixlfxinuJIcXbelONAuMrnG%2FIAoizsYO1d%2BlRONyZaGwpFiBdPxTSuvYOb67FAYBAGpxy2zgNMJa1at1GSrSd0QE%2Fd8fyX9mvA9gmQbAmJrnV1I8EDCh5n2RBrPUf%2BYM4BX8a%2FHvPOPEuDd1Ce%2FzZYNcwYWCDVcwTuRAYCb9wxOkFTjvYmQIFwzGNU7JV7vnCD14pTEpxhJPPzspURjBnEFi0QNS%2BThQv%2FYi78SetXn0wDfkLIyuldBS3f8m8e6nLmzUhNzs2VE%2B%2Bisqs3JAEppg%3D%3D&nvMid=29029192590&catId=50001519
Apple 아이폰 13 프로 1TB [자급제],"1,786,400원",https://cr.shopping.naver.com/adcr.nhn?x=dvIsjNf1pQ%2Bv%2BfWZoD7Y2f%2F%2F%2Fw%3D%3DsPgBqHsNYcJgEms4DEY5ufeFspVPYqX0t88YZymX8XhRhJz9H0Ub4KLvuVTVtNMxMssun5xN%2BeksaTXJMoT9NKhy3cf9A0iBGE9ulkGKulwggzrao0J5rOUjO2uBxYrUQOLsXfoS82hyBXPEzN2FfCsi30QtKP1mA7BYZPpxeJLexWvZfe2todmJfmpbNrXnqM3WLqq0EN7lRPuVNhhc%2BTLix7jXt7MNVc9AIu4EfDZlNEwRr%2B3STfYHGn%2FB5b3e4%2BLTIutPIDbNYbLfg9iz019stajnLQRWnGlOOlt9%2FpKgHs%2F2PHkpmvWjL2qy1nHubqd%2Br8yufUktiU9idNt1I6q8Xr4SwphOkxVBplf13GBr1QQzCLreNp8sjPDBjStixlfxinuJIcXbelONAuMrnG3YM2ZM5kwNW%2B6%2BKIIEB6oFFiBdPxTSuvYOb67FAYBAGpxy2zgNMJa1at1GSrSd0QMqD57D2P1PrRaH8zD%2F9mrolDv77rgQoH8LCOsgmhGGjYvI8NZGDKVgT3owfgSQvZgMWyzW1SfK8GUa380ceKgANauEcRynSn%2F8orOK7nc90IgQw20cqgwNmRStLA3Ji%2BczUT6G%2B%2FUlj78SqamJiXJjLVWGr8fvvH1mWvUgXPK6j&nvMid=29029192588&catId=50001519
Apple 아이폰 13 미니 128GB [LG U+],"64,290원",https://cr.shopping.naver.com/adcr.nhn?x=3FU1%2FTWyppnXiPcnONcrhf%2F%2F%2Fw%3D%3DsZ75NTM6Q9nNcaRFrwDP4H59Wo0tz2ROQu2ntOunKwYwbsBKbbjTB%2BBCjsLv6tz%2BjqXzJmpOJYhEt5%2FLVZ5dCjv3ssA8nUoYIkNDwcsO1VZEj7SsLutJQTFVTzz4X5U8EwoAJ54QTyMh9fX6eytH1NkgAn8lD2%2BxrgblrBqYwPdWug%2B9sjA7rHdeMLkY%2BwIMU7xzpl%2BlOYhq%2F8o1%2FuLVZdjQZD6UDT51Dg8nNb9lI8fV%2BFLPJmN7kd5F0maTGsL0cDHsc8F1Hqv%2BNP4oWgGDomO2oiYUcFh2AHd%2FVC1pOBQ0QhkkHXK4%2FmSRy5icYE%2F27BW36r4QZshREfg%2B3vq7RNmpDADfwoSS7ZAFocKOAZtnUQvs8GHq%2Bj7OvUNvyviyxeoI3z%2BL14z9v%2Fx%2BL9Zw%2FKjmQgy2ww7XOc5BRxFIVj98EdLuJh13gFOuABI1Cabywr1zQ3TaGfkdsxOv%2Bp53WSsjfwhLOac6Uux%2FFPvarerb5YbLlxragaaIQX6kJDBj8D6QkZjCZcMNTR4jeTmX45X5ftcgM4IcOf90ckhvl8nWIDf9TYDOC4LzgCehLsur5BeTZnlm10S0XsDy75iC1fBykuu4VFfLlCPcNxYZe0QmFbDf4gHI5rSMJU1BWcIOg&nvMid=29030431586&catId=50000248
Apple 아이폰 13 512GB [자급제],"1,329,000원",https://cr.shopping.naver.com/adcr.nhn?x=0KecrsF3x2QlPmxW97Z0wf%2F%2F%2Fw%3D%3DsHXH3W3M91buABDgCD%2B0yHh8Laif5FICMESjaw9m6tplhJz9H0Ub4KLvuVTVtNMxMJ7nTgCRvIF6yFI9fuSLuPRy3cf9A0iBGE9ulkGKulwggzrao0J5rOUjO2uBxYrUQOLsXfoS82hyBXPEzN2FfCsi30QtKP1mA7BYZPpxeJLexWvZfe2todmJfmpbNrXnqMp%2F9XPfjTZN93E2a1T98erix7jXt7MNVc9AIu4EfDZlNEwRr%2B3STfYHGn%2FB5b3e4%2BLTIutPIDbNYbLfg9iz019stajnLQRWnGlOOlt9%2FpKgHs%2F2PHkpmvWjL2qy1nHubmh3SYgDfFAgVOE295i%2BrELDTL3fU5kuoZVUs2wp079H1QQzCLreNp8sjPDBjStixjQaGLcMmduX4DYWfbsi2VDGZOY56fKnxnwyNWnTjfZ1FiBdPxTSuvYOb67FAYBAGZEiQcN5Y62iqKHankNOz3xYP6s1rioT7H%2B%2BpXC8rtNryNHyBUXwWVD2ki0TxnNzy2VVOnErBHmpD28wUrQ7TWKUkFAvRbTtcUUPh4TxHPUKOv%2B%2BG7P8zZs54SDuTec4195AY8mIGHYWLCPOaXXH833GyIZ4c00%2F8Ur6qyhwYoFxB0CIl3BeKsFF2drF%2B%2BsFv&nvMid=29030496586&catId=50001519
Apple 아이폰 13 미니 256GB [LG U+],"192,990원",https://cr.shopping.naver.com/adcr.nhn?x=7WU5RRKZEzepIuaIwHiZGv%2F%2F%2Fw%3D%3Ds1wYrQaFOptMb7cgKXHPBgl%2FnBgSL6mKL6DzN2QH54kwbsBKbbjTB%2BBCjsLv6tz%2Bjlqw5HKNp99C4y%2Bm2dOGnBvYtc%2BaWscDm7gAIJm4yaqoj7SsLutJQTFVTzz4X5U8EwoAJ54QTyMh9fX6eytH1NkgAn8lD2%2BxrgblrBqYwPdWug%2B9sjA7rHdeMLkY%2BwIMUH9J2IBuyzX11BjOUDWY3GjQZD6UDT51Dg8nNb9lI8fV%2BFLPJmN7kd5F0maTGsL0cDHsc8F1Hqv%2BNP4oWgGDomO2oiYUcFh2AHd%2FVC1pOBQ0QhkkHXK4%2FmSRy5icYE%2F27BW36r4QZshREfg%2B3vq7RNnOg3bVf0l2MCYQglKf%2BBDDUQvs8GHq%2Bj7OvUNvyviyxeoI3z%2BL14z9v%2Fx%2BL9Zw%2FKmLQMOcYcrJcjQFs3u7PKccEdLuJh13gFOuABI1Cabywr1zQ3TaGfkdsxOv%2Bp53WSqpXfupfvQHGQjlBrQFXHE75YbLlxragaaIQX6kJDBj8D6QkZjCZcMNTR4jeTmX45VauxbK8Bkc1MZdJmrxcwTcNauEcRynSn%2F8orOK7nc90feCJcgXCS0eH0eeTJ9mVyLtMLYkcXBHKkCLdV37mBBzLVWGr8fvvH1mWvUgXPK6j&nvMid=29030376589&catId=50000248
Apple 아이폰 13 프로 256GB [LG U+],"894,690원",https://cr.shopping.naver.com/adcr.nhn?x=gP6LN1fhjy4IqiWzU0%2Bh9f%2F%2F%2Fw%3D%3DsQCOzVotGhBjMrcj9%2FmdAjlFdrQ8kJMaqShlmxB5vJp5WQE1WikGGRjsm7ORTamZ7z4MQ8OU5hW%2FFVnA9qZk4CtBLz%2BJdevE4%2FmU6XOJkK69WkQGV%2F%2BCKYxL%2FCKijbP1%2B%2BWf6iPTZJ8jOvVvTIhUyCEPg%2F6PYJW9LpCSumzPJoiiI9aZyW4hhCgmcrsQhWGWG1qpTT70Ggsw7BdaCH1Z5mvKAXVfyDB1yTbVYYpYzcFnUHxlEatbmVq7jmztE%2FywsZVEsgvMu1sKLTRKnFEg79vziKuqi6lvlwe2gIVAf2UAlXTdy6Sn%2F2yromYu89VyUulGOw%2FDWffEw1d4Zl9j5aUhwRcENQZQLXbMndNtfdWZcNZN5FF46Jqg7fDWNj5Cag%2FMl1IZYG3dYlUwRbYirRoBD40iqWaNeYMpOus5JTYBDk2nHMP4aHVCx%2FcONoE3uVxrykmdUCWVn8SXvu0QPtBQry%2FZZJIaDWc%2FcoLeHO3LyNHyBUXwWVD2ki0TxnNzy342b6BE6hVwpJp4hCaLiGE3NpHQk5L0Yl3SYp4nBcpv6C0XXk8ySaOQ0OaLzzIxFNOMJ81vMCpHRE0OLCVdeNvRRs2Tl2LVXyNQxua0eKL8GruH08DlKshetxY8KUEZb&nvMid=29030415586&catId=50000248
Apple 아이폰 13 프로 128GB [LG U+],"631,990원",https://cr.shopping.naver.com/adcr.nhn?x=RPRo8wwfzGuRH61IEadvkP%2F%2F%2Fw%3D%3DsWUnN8o91cZibX1k4YRClHbH6wNvK8xjiE%2BQHjO%2Bidj9hJz9H0Ub4KLvuVTVtNMxMtKss9q3lqKE2dgy6QyZDyxy3cf9A0iBGE9ulkGKulwggzrao0J5rOUjO2uBxYrUQOLsXfoS82hyBXPEzN2FfCsi30QtKP1mA7BYZPpxeJLexWvZfe2todmJfmpbNrXnqg7gKiQG8MTIItSW%2BDJaVQrix7jXt7MNVc9AIu4EfDZlNEwRr%2B3STfYHGn%2FB5b3e4%2BLTIutPIDbNYbLfg9iz019stajnLQRWnGlOOlt9%2FpKgHs%2F2PHkpmvWjL2qy1nHubw4X%2BKOEdsUhSq0VqOk1oSetYhcQ4PmLilb3iLQFDJU71QQzCLreNp8sjPDBjStixj1OT%2BvUJUOEzwKKBwf%2FstRGCgKE6MpEqHNFGypiLnddFiBdPxTSuvYOb67FAYBAGpxy2zgNMJa1at1GSrSd0QGXotJztG4P0PD8hxVbZHhKhzDfp6Y5Zq42WobtISlGzWsq%2FCqyNxmUocZ3D5NLEKKoHB50DJX%2BsRvg%2BJD0AbXMRpOFzCbaM6OU97uoPifjrkESSFD3ijZRM3v4L8CI6wuuaMMHaVsxecOIrsElJEO6CqA6%2BrrPkSkQjk3bFq%2FUy&nvMid=29030175590&catId=50000248
Apple 아이폰 13 128GB [LG U+],"422,990원",https://cr.shopping.naver.com/adcr.nhn?x=fJlii91%2FgXobpByltXZ7rP%2F%2F%2Fw%3D%3DsJkzq6Y7pNQuVzi20luHd45bBGmAFwLkfPXwtduFGgnFWQE1WikGGRjsm7ORTamZ7uqTNWjqGiGdSvyO%2BeWCuddBLz%2BJdevE4%2FmU6XOJkK69WkQGV%2F%2BCKYxL%2FCKijbP1%2B%2BWf6iPTZJ8jOvVvTIhUyCEPg%2F6PYJW9LpCSumzPJoiiI9aZyW4hhCgmcrsQhWGWGwosKqTnb%2BAqxbJsu%2BamdqfKAXVfyDB1yTbVYYpYzcFnUHxlEatbmVq7jmztE%2FywsZVEsgvMu1sKLTRKnFEg79vziKuqi6lvlwe2gIVAf2UAlXTdy6Sn%2F2yromYu89VyU1%2FG%2FZYMsfakAj9%2B226fQJwPKJF8skHWeGOAT%2FoKcfOhcNZN5FF46Jqg7fDWNj5CaOuJEtqo3uSaAxLHO43RCMYBD40iqWaNeYMpOus5JTYBDk2nHMP4aHVCx%2FcONoE3ucVl9zsZvbcebfQHqQGTPjuksp9XuUdeQZ9g2FaJQ4%2B0g1HDVA0X848ldvn7fnwtgWMGKJTmbXiU9vUOi10sAwO9barVkGm5X%2F%2B%2B0pSBMYefYJBbvkTz0hHCBCVuBI6berwlSPz2IlGcPo9dx%2FAnK0scgIRCk8vtGb7Z%2FKGMSEdE%3D&nvMid=29030372586&catId=50000248
Apple 아이폰 13 미니 512GB [LG U+],"484,590원",https://cr.shopping.naver.com/adcr.nhn?x=klkRhzFbKBpsMseiOcqXQf%2F%2F%2Fw%3D%3DsKVCjVBTyr6IRTYYipBG9e%2FsjaL5oJSTLexT2TiprBcobsBKbbjTB%2BBCjsLv6tz%2BjrPqnuFMgfO6URatJKjyJ%2BzrV4CNlcCmMWAvBqZsU%2Fjkj7SsLutJQTFVTzz4X5U8EwoAJ54QTyMh9fX6eytH1NkgAn8lD2%2BxrgblrBqYwPdWug%2B9sjA7rHdeMLkY%2BwIMUYN6xeMDoEaAupbc0zTGDWzQZD6UDT51Dg8nNb9lI8fV%2BFLPJmN7kd5F0maTGsL0cDHsc8F1Hqv%2BNP4oWgGDomO2oiYUcFh2AHd%2FVC1pOBQ0QhkkHXK4%2FmSRy5icYE%2F27BW36r4QZshREfg%2B3vq7RNkNZH2nT%2BqFrZ0co4uW73CPUQvs8GHq%2Bj7OvUNvyviyxeoI3z%2BL14z9v%2Fx%2BL9Zw%2FKr8rTIOVPwRB9QzWGDf2%2BUQEdLuJh13gFOuABI1Cabywr1zQ3TaGfkdsxOv%2Bp53WSjwt7nBOa4olaWN8w934iK35YbLlxragaaIQX6kJDBj8D6QkZjCZcMNTR4jeTmX45comdH4s1s8tYvUBuUw9vvINauEcRynSn%2F8orOK7nc90Jgj669RkppLn9n1l9X44g7FPf5W6Nbu0sbBgZSoQTqnLVWGr8fvvH1mWvUgXPK6j&nvMid=29030419586&catId=50000248
Apple 아이폰 13 프로 맥스 256GB [LG U+],"1,030,190원",https://cr.shopping.naver.com/adcr.nhn?x=1TnuSicpd6Piht%2B8OnS0hv%2F%2F%2Fw%3D%3Ds8a91lL1ldx3Mjbehv8pm4UF5HjqUyomvJUqKuDaMxcBhJz9H0Ub4KLvuVTVtNMxMVDptSQI9UNPm1RTSjZ%2BolBy3cf9A0iBGE9ulkGKulwggzrao0J5rOUjO2uBxYrUQOLsXfoS82hyBXPEzN2FfCsi30QtKP1mA7BYZPpxeJLexWvZfe2todmJfmpbNrXnqXLTN90WNo2bfYUnKxvyYpLix7jXt7MNVc9AIu4EfDZlNEwRr%2B3STfYHGn%2FB5b3e4%2BLTIutPIDbNYbLfg9iz019stajnLQRWnGlOOlt9%2FpKgHs%2F2PHkpmvWjL2qy1nHubf%2B7Kynxldf%2BEh8KBele3fEEGCPMpRLfZkdtXGTVs50H1QQzCLreNp8sjPDBjStixj1OT%2BvUJUOEzwKKBwf%2FstRji830A6xnpZ52pJU%2F4dRpFiBdPxTSuvYOb67FAYBAGpxy2zgNMJa1at1GSrSd0QNv7Ffkwy78LPGKRuNB%2BDa%2F%2FzaVgfXndF2fkBs0qzZTvfpF8bfclcJjAeddKIqLqoAGM8WPEZ30xITPr0DRsAp9APG484pzgArV2PMPwNii5m1GQSKGdDYoYf%2Fc9DYayK%2BBAioFDfdzcgZLvSuYNH9hXc50eBITwugSNPH3Ok09sVpGw61BSdoQRvEGgfFlc5w%3D%3D&nvMid=29030190586&catId=50000248
Apple 아이폰 13 프로 맥스 128GB [LG U+],"894,690원",https://cr.shopping.naver.com/adcr.nhn?x=YPV3paHr1D8JyBfK1JQD5P%2F%2F%2Fw%3D%3DsmfksE%2Bvf3Ul2Hf17VnXUYQ1qmYSnMO2uQPH9%2Bx9L11NWQE1WikGGRjsm7ORTamZ7DqjYi83OCiYEjUgg%2F7syONBLz%2BJdevE4%2FmU6XOJkK69WkQGV%2F%2BCKYxL%2FCKijbP1%2B%2BWf6iPTZJ8jOvVvTIhUyCEPg%2F6PYJW9LpCSumzPJoiiI9aZyW4hhCgmcrsQhWGWGxThvsaGr%2Fa3dcgYtXiYoe%2FKAXVfyDB1yTbVYYpYzcFnUHxlEatbmVq7jmztE%2FywsZVEsgvMu1sKLTRKnFEg79vziKuqi6lvlwe2gIVAf2UAlXTdy6Sn%2F2yromYu89VyUX0jD8ZaUxvoTPIY0UjfFGZrT0v9Qg3zuG603KYTkiH5cNZN5FF46Jqg7fDWNj5CaraaRjsiX0Y7G9ePm9rX7g4BD40iqWaNeYMpOus5JTYBDk2nHMP4aHVCx%2FcONoE3uVxrykmdUCWVn8SXvu0QPtCC%2FOSQKpmiFUQRvI9TGNtAZyVXP8MBx51PcdtMFtsvBK2ud1b%2BfZwYPU0n%2BzLfOdebCAO0rUy9NGc7NGXOJCYutqaMHAJkj0DAJXiYJNZCZvuOHB2MccAhhCzN9jPxoRs2ZWf9BfCzq9QJYOvPDQIhoaKZHilHbuauHUigNM5KA&nvMid=29030352586&catId=50000248
Apple 아이폰 13 256GB [LG U+],"542,990원",https://cr.shopping.naver.com/adcr.nhn?x=XozwkxHYphgX4Bvi0%2BHPtf%2F%2F%2Fw%3D%3DssmAXQMzIeibDlzj1kCCMHk7u%2FyvnkSqknLcfFQnqEUcbsBKbbjTB%2BBCjsLv6tz%2BjMcZh1QHQZL6UgKQubiAanVaqOI6qYS%2FhPrcREGUTScAj7SsLutJQTFVTzz4X5U8EwoAJ54QTyMh9fX6eytH1NkgAn8lD2%2BxrgblrBqYwPdWug%2B9sjA7rHdeMLkY%2BwIMUOYQbPHRk7gx3HlPTUxI7DDQZD6UDT51Dg8nNb9lI8fV%2BFLPJmN7kd5F0maTGsL0cDHsc8F1Hqv%2BNP4oWgGDomO2oiYUcFh2AHd%2FVC1pOBQ0QhkkHXK4%2FmSRy5icYE%2F27BW36r4QZshREfg%2B3vq7RNs%2FpE4Ym2Vnh7Z3hC9KbaRvUQvs8GHq%2Bj7OvUNvyviyxeoI3z%2BL14z9v%2Fx%2BL9Zw%2FKvY0uZGkTWqdM%2FJDVW%2BgcesEdLuJh13gFOuABI1Cabywr1zQ3TaGfkdsxOv%2Bp53WSg6sGfNCfXGE1vlrcjWE3b%2B7A%2F0vSPti8cHY4o2fastwbv4ZUnDgFIiBsOSab73%2BZ9%2BIZh0O5oyfHTvd6OvdMLa%2FhgaMkJIhbUi8HFdPXAb39sbu0y4CFgn7razjSkEIJGO0QScdmj79W4Ike%2ByYeOsNUJgJp6CUXauCvW7Y5AjN&nvMid=29030189588&catId=50000248
Apple 아이폰 13 프로 512GB [LG U+],"1,173,190원",https://cr.shopping.naver.com/adcr.nhn?x=VjiSBGMj1ph%2FGVen753xWP%2F%2F%2Fw%3D%3DsFl2cJRepY8ftu6LjNk2PmepNCh2OxbJurxYoa3kgXHwbsBKbbjTB%2BBCjsLv6tz%2Bj5DENNH33uT0SuYnqY%2B5AQadNHfBgq%2BWDWW2QnSgAY8Ej7SsLutJQTFVTzz4X5U8EwoAJ54QTyMh9fX6eytH1NkgAn8lD2%2BxrgblrBqYwPdWug%2B9sjA7rHdeMLkY%2BwIMUmRDWhNotjbnuwU%2BcfNUqnjQZD6UDT51Dg8nNb9lI8fV%2BFLPJmN7kd5F0maTGsL0cDHsc8F1Hqv%2BNP4oWgGDomO2oiYUcFh2AHd%2FVC1pOBQ0QhkkHXK4%2FmSRy5icYE%2F27BW36r4QZshREfg%2B3vq7RNhhDdVLEmy0ATox8urPduJfUQvs8GHq%2Bj7OvUNvyviyxeoI3z%2BL14z9v%2Fx%2BL9Zw%2FKgVLeMiVXYeZJHMK4Qy1jbEEdLuJh13gFOuABI1Cabywr1zQ3TaGfkdsxOv%2Bp53WSoxqwZBF0bVSsXUQll%2Baosn5YbLlxragaaIQX6kJDBj8D6QkZjCZcMNTR4jeTmX45agZVyzAfqmXaYYj1x4BblGtqaMHAJkj0DAJXiYJNZCZnekDnZNGRJyFus6YjXMTFHV1TvFQK%2FAePNXj0SMKvzjLVWGr8fvvH1mWvUgXPK6j&nvMid=29030295586&catId=50000248
Apple 아이폰 13 512GB [LG U+],"902,490원",https://cr.shopping.naver.com/adcr.nhn?x=2zHpLffXO0Ppmzs1aY5bbv%2F%2F%2Fw%3D%3DsEAkNBnp04aw17FLakRxVyReddPDX%2BffhqEiSGmmvRp9hJz9H0Ub4KLvuVTVtNMxM5YoC%2F6A%2BAGKFipAGvb08cxy3cf9A0iBGE9ulkGKulwggzrao0J5rOUjO2uBxYrUQOLsXfoS82hyBXPEzN2FfCsi30QtKP1mA7BYZPpxeJLexWvZfe2todmJfmpbNrXnqJg934XoEkbAciqCMIan0C7ix7jXt7MNVc9AIu4EfDZlNEwRr%2B3STfYHGn%2FB5b3e4%2BLTIutPIDbNYbLfg9iz019stajnLQRWnGlOOlt9%2FpKgHs%2F2PHkpmvWjL2qy1nHubqeEaLJVgCl1HOwbXsLA%2BFBiWfZrDH2C2wa4Xh2ZA0h%2F1QQzCLreNp8sjPDBjStixj1OT%2BvUJUOEzwKKBwf%2FstWwMN2K9hcrs45tluKoxzQlFiBdPxTSuvYOb67FAYBAGZEiQcN5Y62iqKHankNOz3%2BD0cvk9jTjZ%2BuckMQRAROZBskTaofqwA6IQD8JZOZb79lGkMEv7oSGWOgNStdx3WqxaXoxQFOCOEig%2B%2FWOGynsM1ArTknUek%2FmrLPV4ep%2F4DmsdmMhWytp1qADqy4b8JlaFndIwdNwuWmKtx1HNSCrUkiyUGZ3FpPHvE7X48%2Bhb&nvMid=29030296586&catId=50000248
Apple 아이폰 13 프로 맥스 512GB [LG U+],"1,305,190원",https://cr.shopping.naver.com/adcr.nhn?x=R8ULr4Lj1gr3hxQUq5upff%2F%2F%2Fw%3D%3Ds0tAn3vAjxB6Zr2LecVqoAXpLUEzh6S0CaoBb2MQTAmthJz9H0Ub4KLvuVTVtNMxMx0A9mMN%2BTqX63ZbEkDSg4Ry3cf9A0iBGE9ulkGKulwggzrao0J5rOUjO2uBxYrUQOLsXfoS82hyBXPEzN2FfCsi30QtKP1mA7BYZPpxeJLexWvZfe2todmJfmpbNrXnqC8G1K0WqC%2BMx%2Bsb%2BJ3EYX7ix7jXt7MNVc9AIu4EfDZlNEwRr%2B3STfYHGn%2FB5b3e4%2BLTIutPIDbNYbLfg9iz019stajnLQRWnGlOOlt9%2FpKgHs%2F2PHkpmvWjL2qy1nHubtRWzrifKugXMrgRox6XwoJ9LMNVuDuLl%2F2bP%2F6ElRyH1QQzCLreNp8sjPDBjStixj1OT%2BvUJUOEzwKKBwf%2FstbsrVux1znYF%2BBleRVTqRA1FiBdPxTSuvYOb67FAYBAGpxy2zgNMJa1at1GSrSd0QLbuzmWacN92LOvitfD%2BwvX%2FzaVgfXndF2fkBs0qzZTvfpF8bfclcJjAeddKIqLqoHaihnsU8x3bhm6wHjHmFwBAPG484pzgArV2PMPwNii5C%2BFShx4uuWOoRcW4brWuqzJte%2FHgoTyZCvuI6RP2jllXc50eBITwugSNPH3Ok09sVpGw61BSdoQRvEGgfFlc5w%3D%3D&nvMid=29030181590&catId=50000248
Apple 아이폰 13 프로 1TB [LG U+],"1,426,190원",https://cr.shopping.naver.com/adcr.nhn?x=nU0EEeTvaHRlcH94C9GkeP%2F%2F%2Fw%3D%3DsoLwESXFbgHWzwQs6EJzOCd2rRxdy7Aq%2FO6DoF%2BlP7e9WQE1WikGGRjsm7ORTamZ7cWAGtTDgoUyCCUlGz1D0bNBLz%2BJdevE4%2FmU6XOJkK69WkQGV%2F%2BCKYxL%2FCKijbP1%2B%2BWf6iPTZJ8jOvVvTIhUyCEPg%2F6PYJW9LpCSumzPJoiiI9aZyW4hhCgmcrsQhWGWGSTPU5ABzv3XWI4RtHnUCp%2FKAXVfyDB1yTbVYYpYzcFnUHxlEatbmVq7jmztE%2FywsZVEsgvMu1sKLTRKnFEg79vziKuqi6lvlwe2gIVAf2UAlXTdy6Sn%2F2yromYu89VyUAme1EeslJi0tvxgTbapmA74SPVvhw6a%2F10WLYEdlwHpcNZN5FF46Jqg7fDWNj5CatNawEoFBRZxraZ3BGF9lK4BD40iqWaNeYMpOus5JTYBDk2nHMP4aHVCx%2FcONoE3uVxrykmdUCWVn8SXvu0QPtD1JrUGKOuDSyFHMM3XeuKtcZ8pgTGru4bgUYhRhw82xM8I7KJZuRQiX6u%2BamHV6c6aT6RY5qFxnYbWPtdynHw6%2FhgaMkJIhbUi8HFdPXAb31O7c60dArXHAlpSW0P43UWO0QScdmj79W4Ike%2ByYeOsNUJgJp6CUXauCvW7Y5AjN&nvMid=29030294586&catId=50000248
Apple 아이폰 13 프로 맥스 1TB [LG U+],"1,580,190원",https://cr.shopping.naver.com/adcr.nhn?x=CbpXBcd4M3Az1IqVQaKbBv%2F%2F%2Fw%3D%3Ds1Z3OZHJIuiL5qhnZ6O16T1nTykhQN4uK31X%2FjZ%2B%2BFf8bsBKbbjTB%2BBCjsLv6tz%2BjIAq6eKzCC1b4Mdr6VnrXPjua%2FrNjzbU9omnhxHH6IlUj7SsLutJQTFVTzz4X5U8EwoAJ54QTyMh9fX6eytH1NkgAn8lD2%2BxrgblrBqYwPdWug%2B9sjA7rHdeMLkY%2BwIMUv%2FiyLKIYZJmYdqtV06rV7DQZD6UDT51Dg8nNb9lI8fV%2BFLPJmN7kd5F0maTGsL0cDHsc8F1Hqv%2BNP4oWgGDomO2oiYUcFh2AHd%2FVC1pOBQ0QhkkHXK4%2FmSRy5icYE%2F27BW36r4QZshREfg%2B3vq7RNvm0%2BUa0LyinTO9RI%2BLGeSrUQvs8GHq%2Bj7OvUNvyviyxeoI3z%2BL14z9v%2Fx%2BL9Zw%2FKh%2Fd9QtHho8fvp2oF46GoXgEdLuJh13gFOuABI1Cabywr1zQ3TaGfkdsxOv%2Bp53WSph2%2B170Lc%2Fh1s0cur%2FyDflCJ%2F0P0zUbWoKtYr5Bg%2B6rV5wvSck0MfgYLl2aZJDmmuuWOPQLaXC2xAZkfxCoj%2FwMLu2e3bqpzURIg2gF94Yc%2BqUSdSjNo4xjHEJ%2B8KnCgDIaf3JakaJfRa9kAKA0Hq5WhZ3SMHTcLlpircdRzUgq1JIslBmdxaTx7xO1%2BPPoWw%3D%3D&nvMid=29030181587&catId=50000248
아이폰 13 미니 자급제 256GB 핑크 MLK73KH/A,"1,046,727원",https://cr.shopping.naver.com/adcr.nhn?x=OHHGT7Obhaow%2Feys6HH9gf%2F%2F%2Fw%3D%3Dsaxk6MK%2B%2FoodcmGN8t8213ZuwN69FY1gS9S5QZ9EO9zEbsBKbbjTB%2BBCjsLv6tz%2Bj1S4ZLA6pP3Op2otOR9I4EFaqOI6qYS%2FhPrcREGUTScAj7SsLutJQTFVTzz4X5U8EGTw1ZgZ%2BNuSEuIBKrRU5UXCmjomTCfccIxWbx2Xshhmig%2BHNPcXun0BGYcBoypJ8YKlSpg9zYYpnj%2By9QmeXD287Q7PT8KHIltxEe82lrg4qs8FI7PXXYjZcp%2FrPY3q3ttL9uhYa5SgY92RIBZWuA91c2pTs%2BsZH7goUpDWTC6MKPeSiCm0JGxDkYJZBJbX%2FgGwmPNX%2Fe%2BXkuZ30duRQYj%2FN1gL%2FBgCKENDMCz1nm%2F3rrnnNj6okrG5hwd0MxYc0lGM%2B3vLZvJEuryfHkUcIVCvfCmiGWuFQRNFecKmBkk4FYvvfDSOoF8GlOEwGCmArjB5%2BwQwTWqlzZqCmwHkzL4ODj7U4RTNsjwbJ6ypzRs%2BKnFhXpti1I2OgWSt3sOTEgNIbc3N6kd4%2FO4sQuMVDFh%2FSDmxxy6ruEFXV61yu2aj3kJm9j1rTPjalJfXTu7f32yD7WAc1CltViYbu82Fg3XwJeXbnU6mZaLN%2BXPYoRZy8w3y%2FoPO6KsgAlUVoli8d9l7U99rwMRGk1wcUtmfP38cgIRCk8vtGb7Z%2FKGMSEdE%3D&nvMid=29883425290&catId=50001519
아이폰 13 자급제 128GB 스타라이트 MLPG3KH/A,"1,046,727원",https://cr.shopping.naver.com/adcr.nhn?x=8iJyZZP5%2Fp0hQOkseMaBf%2F%2F%2F%2Fw%3D%3DsxFAFismMcbU50jY%2F1hzQP%2Fr1qTvxfSZg5t5aayaVxc5hJz9H0Ub4KLvuVTVtNMxM03shBuuQeJnf4hfHo%2BE00By3cf9A0iBGE9ulkGKulwggzrao0J5rOUjO2uBxYrUQC%2Bh1%2FjiChZWFlHnUQ0sjOSTGCD9Vz5n4ms8MDGQoS0OXy0ZyPizqqSo9HPLc4z9c2%2Ft2RfRaJOvVGP8bBIM6GLxGA2%2FntSr90FLhwI3G23aorYoLP33X0ay3h2id35cpW0W7fEggyYTMgSGtXVNQKoFgbzS9Dr1gTgx%2BJzy8Y9S%2FCoGh2Sg0c9oxKWJFNHN5P2tfKoQ0NQPyiad34AQ6K9%2FdVvwtcOUlbNrGLU3RUnoArAwHa0SrAJcivA6NnnibTl0XKBj0RpZdG26sc8gcU2GMkKJgDgkcL2l7%2BAVNd79oyIqBjMTNC%2BP0QH1dxtGpXl7PCYSq9cP300KINpRopDbD5QTVvpBShlXARjKkmvYWpKCxvhmLAr9P52kFJW6Ja2erUPWxG%2FjQiRNyG5BTw9VJxRu%2BcsTgWMu4k6E0YlJQu3XlA2ettg0YD8EBLJFI8ih7xbp3qsNs2I8EXW54rcvTtug4vCjEvohqOyQz59nGBDJs6hlNzoTFeirDZ%2B8weId8DBNVg1Q0Iqw%2BEXfDHM2OqH9l6YII5ugOGfB4CYY%3D&nvMid=32075954421&catId=50001519
Apple 아이폰 13 mini 자급제 128GB 핑크,"1,099,000원",https://cr.shopping.naver.com/adcr.nhn?x=i5epsaaWRIuJSq3CVDjCxf%2F%2F%2Fw%3D%3DsBnimbgEdtgn52EAeaSbE5S2Dsxu14tdPxXuL1nGpA9BhJz9H0Ub4KLvuVTVtNMxMNQpBgrlK7pCbm3uuJY0Bgxy3cf9A0iBGE9ulkGKulwggzrao0J5rOUjO2uBxYrUQOLsXfoS82hyBXPEzN2FfCm3JzeXxkSdTecfUR4%2FvRQjd%2BKwjnmE8nmku4yNhWgwhmfLAARyRl0caaiEG3Q2bq3l3njUb1NGDJ1K332mMmYDQ%2BMQn9cirmRmZVqDKkTcUqqe08lTgUbivINHQrFwjt9ci8KTL%2BNmOPw%2BJRE9g%2FOSg9g%2F9Zbd%2FH74nf3SKSxvF%2FC1%2B50L0Yg1G%2B2xBoxd1JquKWQN4b7WstTXVRp4V%2Fd2Kx7G3krbJiQXzryuwwOqJ009Qmvc2cKPhIfRA0h5G%2F5WTNQzbU8x%2FLwqYaJusstbHvY%2FUzN94OzIr5wG3PfiAtWvBS0ylHw6DvVIUpcXzTvdID%2FYpmiCgYGJjpYv2pwwU0KYvN65q1ZzViC%2BZXQ3UeD4nHsQ78AEvDYHXKjVE%2FzBmjh3WTqLtmMIT0y7CH0kHw6pdsvOyv%2BnpGjqBfkOQJB7PSUjslBNLW0Bc%2BNkvH8FCY%2BXMIf0Non16BewcTPVlNzdJFgkoR1MOL3Zb6EWFu4SNuqLsXsdVsL9vWNz5wT926G6g%2F4Gz709YgWLzTTVXc50eBITwugSNPH3Ok09sVpGw61BSdoQRvEGgfFlc5w%3D%3D&nvMid=29619937553&catId=50001519
APLLE 아이폰13 미니 128GB 미개통 미개봉 새상품,"696,480원",https://cr.shopping.naver.com/adcr.nhn?x=OnxmGYH1jn1f8WsrvGpxS%2F%2F%2F%2Fw%3D%3DsgrXHNm5vTXk384yfNxuMIoZLvhj1cOAeAYC3UumnSn9hJz9H0Ub4KLvuVTVtNMxMv1iaqH9b2jprpZndBmVomRy3cf9A0iBGE9ulkGKulwggzrao0J5rOUjO2uBxYrUQC%2Bh1%2FjiChZWFlHnUQ0sjOe0JZ4vKXq2xVuFay0gNbwiO%2FsdgQE5FIA0Tw1QMogpF2%2BMoVCCsVKy2QhO%2Forh%2FzejbkKjGoc08jvmzOp6ZUI9Xmy2dCV%2F%2BJ1u1dipgmRkjqwkXVMbwNe%2B45dFaHZqJITVCZ4rdk8hPModxsSdH4jws32MNkZgIpdzjxCszZin2S3WRYhSVNbEJYJ3crhy4%2BCvfCmiGWuFQRNFecKmBkk5qpzzYyC4YT43jiO%2FVqF5zjB5%2BwQwTWqlzZqCmwHkzL6%2FFaRDU4qxH8qRP%2FD9v2iHzSm%2Fvo6r2Yt0h1sSA6GVSy272dlIkLl0lprcSR%2BiBHuWtYloQCzIHEH9XJN9CyJIpvAB2vl%2F%2BbCVYqrSVFKNjwU34WsH9GVdlfqkVWZf4BavtUBvfoSsQPvEM6ZWUZTq5Ml2n2GfJvxXU7JqBsTN%2FuCGQavg7MiTxLp1kHIID6FaFndIwdNwuWmKtx1HNSCrUkiyUGZ3FpPHvE7X48%2Bhb&nvMid=29003990842&catId=50001519
아이폰 13 프로 자급제 256GB 시에라 블루 MLVP3KH/A,"1,415,500원",https://cr.shopping.naver.com/adcr.nhn?x=Govn0Sh04XzJJi0WKRBrVv%2F%2F%2Fw%3D%3Ds01q3UaUj0f5oo9Frp8Lu6Z40wL80oEQSZ%2BPkQv0IjvBWQE1WikGGRjsm7ORTamZ7aJDfj8oeNAUWqzNiWpnBmdBLz%2BJdevE4%2FmU6XOJkK69WkQGV%2F%2BCKYxL%2FCKijbP1%2BNt8C05ep1uRs2n5jq%2BbS5PrhQixRr6ZQAij%2F5lBMd9v2%2FaT1WZ4kJSKpQ%2FtI1n1h4WmhWcP3awuH2flcvR61fzd4HPo6SHHzn%2FhAoZRlIygV00eq1dH1JfPIAv1BTmNCLip75AbtYG%2BWWS8gZvsfwsBtVtw4LFykpPD8eyovXwLTRpzG1U7%2BIcPtRw25KcaVQ%2BD%2Fo9glb0ukJK6bM8miKArsK1DNlYuW6vX8WB7j4SmoXJzIwHKCaayJsA1IlQA0By0mtLCYNPvzdJSk91b5n2GMkKJgDgkcL2l7%2BAVNd78Ai4vOUTHK3AYgoiPsj%2FbWXl7PCYSq9cP300KINpRopE%2FS734Z%2FTZmXm6tOkbefL2fjczkPCcuCRdaPMN5f0Bz9Yqq29YFxy%2Fv5Pf3uGLamBxurGoI79juyPNLcu0Z9U1EWJRtJFDAn29UzatfRLV%2BTdoop0H2yZD9YGnS1TOYDIOuAKV6RXG1Is03XJLviBeBiHA%2BfI8xXRxFprbLcDX18Sjq2VJtDgQdVb27fcnKXFNcpVxBIpKVIX5RvkbpUzQGruH08DlKshetxY8KUEZb&nvMid=29727542835&catId=50001519
Apple 아이폰 13 자급제 핑크 256GB,"1,204,920원",https://cr.shopping.naver.com/adcr.nhn?x=sObeSP2oGovLvzyEtavDAf%2F%2F%2Fw%3D%3Ds1MJs7Q4KF1CAzeCMsDVZBskwvULtnHkLFMFuT29d8HYbsBKbbjTB%2BBCjsLv6tz%2Bj3%2FsdOkfo%2BTN9wrMaNeP83uKXYtVdU64HD2GuRkvXH%2BIj7SsLutJQTFVTzz4X5U8EwoAJ54QTyMh9fX6eytH1NnULJJH%2BMKqMyaVu%2BUeO3m60%2B85WmSKK5LY2dJjcChMGEH%2BAaYhDPzU3ewm5W9RQFa8jzAzm6%2BLDNivsMJ3Wnbbv5yNx4PUR%2BICdbLdIC77ES2MCPs1fi1faW2WMmM3%2FFVTGmgp6ZaUNzuSswus0gPu0uZz%2FvLz1j30gcH7vHUZ1SJ9tzFvaCQ79wgdCAJiD37T%2Ficz%2FUdPnH630BgZikf%2FBz7%2BORHa%2BX777%2F5U82WuFRDpykpOqWZgZqWcBmVwRDe7YM7SKDsRW8mt2%2FHuTvVvf5TRm4ebkeqR55xTMCpWjS6nKoqtur6iGShqz9U6FboGWwIpvdBE%2Fu2Ze3Dbf%2B0ycED4m3eDgP3evEaHPdaQEKARYJy8Ro5v0GBu8pg%2FYAtuC7j9zgS7vdo5ILlkvRVP%2F6TfwOU7sHJaLfPOHuRk%2BmXRKmr6cgizXDsdcuiljUcVVao15EYfk4%2BsSRoagQsZ8CXl251OpmWizflz2KEWcZCmKrYV63wUPTl%2FI7JGGv6PIpin7TNsXUyuOzixxffLHICEQpPL7Rm%2B2fyhjEhHR&nvMid=29064755783&catId=50001519
(픽업전용) 아이폰 13 자급제 128GB 핑크 (MLPH3KH/A),"1,057,300원",https://cr.shopping.naver.com/adcr.nhn?x=i8N2pt4z2NOZ4i%2FUx5JGNv%2F%2F%2Fw%3D%3Dsw%2F9yncZX7ucAHJwZ209FMZXaI7%2FgpPC64wiOQToxX2JhJz9H0Ub4KLvuVTVtNMxMPuPKXj1hjMImWcHV32fj4hy3cf9A0iBGE9ulkGKulwggzrao0J5rOUjO2uBxYrUQC%2Bh1%2FjiChZWFlHnUQ0sjOWUjPdU%2FkgwdYxtv53G5RSeig%2BHNPcXun0BGYcBoypJ8G27CQ1XyGLGC4MouuXSn9x9myMi0gppBASZU4%2BIz%2FCTTKrONFUXADfAkrIaFIWJbtxosMfKkW1TY%2B12mbrX9WDORUk1Qh2plJEijhWNeMXCk6v2w9jBqMGR4TTsgYaQnlII%2ByYYqWVu3SSXxcjEJdEkjELG922h8oc%2Fqkg%2F03qC79pkO6dSeK9qS35%2BoZQ4c3UppC7wz7Qf9xrBTILawV5IK0VXylfaAnvYgafyVHPTaCRs%2F2INgkOZ3C%2Fnqbg9Cg650xMOkTjAvJFC8xav49yxABGJ1mxchBf4YLcqLP56DHYH6IV33EA5PSLLOX3pHBn%2BOv%2B2BiC0%2BMIc0kjP1kiMspE8MFZDPJNeVOLyrg0TW2E%2FJeShewZ881JUYCMaSwpHdgqUP2oYCXqBf0e9k7ip%2F5%2Fy0rF0Wu867pgXsUQTh6b6v1AZ28qrTEY1v5yWxVoWd0jB03C5aYq3HUc1IKtSSLJQZncWk8e8Ttfjz6Fs%3D&nvMid=30129485327&catId=50001519
[아이폰] [아이폰13프로 128GB] KT기기변경/선택약정/현금완납/슈퍼플랜베이직,"984,400원",https://cr.shopping.naver.com/adcr.nhn?x=S%2F8RCPZzdSA5xRIMjhsZ6P%2F%2F%2Fw%3D%3DsLPO4nN6qJl%2FeVxn7PgOY25cUVHqoVDs8VQ%2BbOucEEyFhJz9H0Ub4KLvuVTVtNMxMA54Bt6nkjXrs6K7OJxUpuRy3cf9A0iBGE9ulkGKulwggzrao0J5rOUjO2uBxYrUQOLsXfoS82hyBXPEzN2FfCsRtV6%2BUNMOsqshYZazgRclp4DGxJcjC91W15IQ6y0Ty%2Fo5zG0s4n5YIo4YIEXXTBbVkPn0oQGaenQy8E8eDpVH9t5km3UB%2F17JZ48T3s%2BOd1JttgEd83fK%2F7TSLaCwXK1NUGxESVv1OoL%2BbjfwvVLb84irqoupb5cHtoCFQH9lAJV03cukp%2F9sq6JmLvPVclAASKJ572H63rMI278Fxpgkn%2BnDQ6DvRZ9EZ7f2H7Sp9f5S5ycDGuwbfEdv1A6kKwovOzsw5VRZaryxvhMH4rcG3CgdRbS%2BomeLh4uClJXG%2B%2F5Zn%2BQc78IVFvaSUjB0KeuW9BVgwwNz1j%2BPO8yIwCGK5kN5Ib1pTxkvP9bJsk%2BpZ%2FFQRttTghDY6WwJDl66Eo665L8aC9qdEZ9BciidlSLAB%2FGGvZGEIjrkX1Tv8JBNM8a7XtSNq3RJ74F5g4TjBKAqJelgBTqguAr8Yli1gyRG%2FOMXZkREukq7U4eDl254MnetHeNabNqZj%2FTdxQ1Jf0xohtPjA9PZFWriSd2EhWtQSZ47uXC028s%2B%2B2x43bsuWIWWv5Erw21BtDTT4tGbPVMtVYavx%2B%2B8fWZa9SBc8rqM%3D&nvMid=31521429764&catId=50001519
아이폰 Apple 아이폰13 미니 128GB 기기값 24만원,"246,000원",https://cr.shopping.naver.com/adcr.nhn?x=dIwe%2F6iKSEycpPIjiG9tbf%2F%2F%2Fw%3D%3DsQnNlCf8Ibsh6ZS%2BdfapcpMuhqLfP6tIJVzFYkvuH7WsbsBKbbjTB%2BBCjsLv6tz%2BjgWMhhW50D7UGEsfdfel3cHeLGrCxBfLeJAVyEN98880j7SsLutJQTFVTzz4X5U8EGTw1ZgZ%2BNuSEuIBKrRU5Ucm3HByBnqyoQudlQvAroBzp33dwRCAzI0IZ9nyD5tkE9Z0ohABIGWTnPESfCqaNS21Ma2oNUoN51aOQC%2BDXFOYbXZ44AL2Z1GTd3OmeDsyvueCfFDuywxl3T1PQ6PKMjF5qtMG%2FJ0PUtQjclakIAMgNo5W2tmlrmTQLGPcpzek8M6xoFcRjtZCbTUYAv5Y%2Fb2xeDmVS9kP3MLsWL1Ykk4etaEuQ1VGwfmraWe3hizAsIcE7ONtcdOnPfQltEK2Z8yJJHMPgB5qMplEpnNsC%2BQy0Mjn0ifG5KjLSKu2T76D9RlmTOUNx7vDRXX%2FyXsy%2FZNVcgNkh0iavfuHOjgYvjCWlpvIpJoUR2r%2FcleMLFLrHClwTso96VPlQH%2BFThTSbEsvTtug4vCjEvohqOyQz59k9LL76iPmvIOY2Udt4pZzjykoaLUlB94nKVgOux4sE7s2OqH9l6YII5ugOGfB4CYY%3D&nvMid=29860284145&catId=50001519
아이폰 13 미니 자급제 256GB 핑크 MLK73KH/A,"1,057,300원",https://cr.shopping.naver.com/adcr.nhn?x=zwoUlfxUTPAa15LRPmGZdP%2F%2F%2Fw%3D%3DsaDzRGvYNfWqGrjckTjYUm7ViMCc9OzBucWwDql3jx19WQE1WikGGRjsm7ORTamZ7ILehNnB87alhwo72nviFwNBLz%2BJdevE4%2FmU6XOJkK69WkQGV%2F%2BCKYxL%2FCKijbP1%2BNt8C05ep1uRs2n5jq%2BbS5PrhQixRr6ZQAij%2F5lBMd9v2%2FaT1WZ4kJSKpQ%2FtI1n1h4WmhWcP3awuH2flcvR61f00PPLtrQMLLTZtnkKjPy5EV00eq1dH1JfPIAv1BTmNCLip75AbtYG%2BWWS8gZvsfwsBtVtw4LFykpPD8eyovXwLTRpzG1U7%2BIcPtRw25KcaVQ%2BD%2Fo9glb0ukJK6bM8miKArsK1DNlYuW6vX8WB7j4SlhnPmPjPurIXxiEfGJkX%2BJ3G7WncbdkyMbdXEDxecZy2GMkKJgDgkcL2l7%2BAVNd7%2FYmPOH7WWp%2BTwbN7OoFTN%2BXl7PCYSq9cP300KINpRopAvjwiuIVmVWpP5pRh7n9myfjczkPCcuCRdaPMN5f0BzbViRCKVwXAL2wY1%2B3%2FX86u%2BPx7uy6AKEy0VXVIUSifWkxPToDLkPeE8seFsRwoaNdN19hwJ%2FTGL8PXobshBO4hohtPjA9PZFWriSd2EhWtQphVWVcI0hLnpXCSDgpl%2BeJIOE9WoOyjg%2BWDxWyiUp8MtVYavx%2B%2B8fWZa9SBc8rqM%3D&nvMid=29883367781&catId=50001519
아이폰 13 자급제 128GB 미드나이트 MLPF3KH/A,"1,057,300원",https://cr.shopping.naver.com/adcr.nhn?x=TKzwJ9seCt0t9lUpxGHCGv%2F%2F%2Fw%3D%3Ds%2B9evgSAZdp3JXlX7DUlvGfJBxLfwGlvmriKZMWIERVphJz9H0Ub4KLvuVTVtNMxMp%2Ftnk36U0fDq1Dcy5EdByBy3cf9A0iBGE9ulkGKulwggzrao0J5rOUjO2uBxYrUQC%2Bh1%2FjiChZWFlHnUQ0sjOeOmWAc4mSnKWcXf9cA8e%2F9a1%2BcsP1qOUacbPJ7D0%2Fi%2FswSyzjGOJrRlupD7Am12Z6xqrGGULiKqKkM2ac51YYe8bhT1NN2YMQKOmB0ubhMWBV7e2IVwQcc6G0qXRZDNBdQ1c6B2iTV3vUmOykJX4A65OPjivpl9Mf8wzxjLDbdPqwkXVMbwNe%2B45dFaHZqJITVCZ4rdk8hPModxsSdH4jxlxhzSjqUAXle9qoGs04UmvOVEOnKKlHcdnGNY4Z%2BAPSvfCmiGWuFQRNFecKmBkk7v2uzFRZlhS9hswOCkgaijjB5%2BwQwTWqlzZqCmwHkzLygEWCcvEaOb9BgbvKYP2AL1mjyPIFvS7OlpG2EpoL6tZKHP%2Fk%2FbcjNd18%2B5NdWoNV%2FsIZNjcE4i2g1MaOJMk69EeFqn9obRATN5ZwUWFyIUQ4JtSH%2FqxwwXTWi9uWe4z2U3N0kWCShHUw4vdlvoRYV0U%2BUXc7VLfxOHlCqu0Kn%2FRtFsFXI4Dc7d9tsFoGO%2BAldznR4EhPC6BI08fc6TT2xWkbDrUFJ2hBG8QaB8WVzn&nvMid=29057598753&catId=50001519
(픽업전용) 아이폰 13 mini 자급제 256GB 미드나이트 (MLK53KH/A),"1,057,300원",https://cr.shopping.naver.com/adcr.nhn?x=cTiqkM7xr0DqYR%2FcLfqGsP%2F%2F%2Fw%3D%3DsTv4StIHEX9A0ViopLEGY%2FicisPEtqsTW9%2FCLo8DrTRobsBKbbjTB%2BBCjsLv6tz%2BjG9xxjsu6vntyK1dHWjD62MB38hXA9b50n9xUsxfVOJcj7SsLutJQTFVTzz4X5U8EGTw1ZgZ%2BNuSEuIBKrRU5UXCmjomTCfccIxWbx2Xshhmig%2BHNPcXun0BGYcBoypJ8G27CQ1XyGLGC4MouuXSn9wGu0nVzQO6Xf3ALJo14%2FUAqs8FI7PXXYjZcp%2FrPY3q3ttL9uhYa5SgY92RIBZWuA91c2pTs%2BsZH7goUpDWTC6MKPeSiCm0JGxDkYJZBJbX%2FgGwmPNX%2Fe%2BXkuZ30duRQYj%2FN1gL%2FBgCKENDMCz1nm%2F1eJozKJk0EP8caKk%2BHSGXXlGM%2B3vLZvJEuryfHkUcIVCvfCmiGWuFQRNFecKmBkk7oCX5C%2FsV9M2uMKmiZ%2F0OQjB5%2BwQwTWqlzZqCmwHkzLzArN96Ym2dBeHHe6fhZF0TgC3GQ2OlCCHb3HFfD5t2Tn43M5DwnLgkXWjzDeX9Ac2%2FEAX%2BKDhlBIRKk6V1kVnf0YC%2F0SHqa2BoLAi%2FXvNp90FPEqxWwSh9MfFV2TNU%2Bb71DSYO80zwI%2BzkrI543UMfGxp2gxrUxAKx96HcYJLE4UvKQyHWIfPhs06d%2Flm17XKp7SZp3US9LtwiTYdkhUbkMuSoTWx52X%2BRoPRAX426GQdAiJdwXirBRdnaxfvrBbw%3D%3D&nvMid=29233107812&catId=50001519
